id,lon,lat
public_transport_0,13.9009186,45.886731
public_transport_1,13.8801334,45.8861248
public_transport_2,13.8808235,45.8858462
public_transport_3,13.91144,45.8837923
public_transport_4,13.9119379,45.881825
public_transport_5,13.9170275,45.8770074
public_transport_6,13.9168535,45.8769623
public_transport_7,13.9021803,45.8905016
public_transport_8,13.9031795,45.8906924
public_transport_9,13.9262109,45.8721776
public_transport_10,13.9250574,45.8730935
public_transport_11,13.9004667,45.8859936
